dni,nombre,apellido,email,telefono
00000001B,Asier,Garcia,asier.garcia1@uni.es,742287985
00000002C,Mateo,Santos,mateo.santos2@outlook.com,680260907
00000003D,Alicia,Sanchez,alicia.sanchez3@uni.es,662405812
00000004E,Iker,Fernandez,iker.fernandez4@email.com,744044361
00000005F,Ainhoa,Lopez,ainhoa.lopez5@hotmail.com,656278607
00000006G,Marta,Diaz,marta.diaz6@uni.es,727905932
00000007H,Mikel,Marin,mikel.marin7@uni.es,796274567
00000008I,Cristina,Blanco,cristina.blanco8@email.com,628099607
00000009J,Carlos,Blanco,carlos.blanco9@gmail.com,737057085
00000010K,Mikel,Castro,mikel.castro10@gmail.com,751617680
00000011L,Aitor,Morales,aitor.morales11@uni.es,743999198
00000012M,Mikel,Castro,mikel.castro12@hotmail.com,716416148
00000013N,Martin,Leon,martin.leon13@hotmail.com,659394697
00000014O,Asier,Morales,asier.morales14@email.com,755504725
00000015P,Cristina,Calvo,cristina.calvo15@email.com,779696025
00000016Q,Irene,Ruiz,irene.ruiz16@email.com,667795113
00000017R,Julia,Vega,julia.vega17@uni.es,753112268
00000018S,Pablo,Ruiz,pablo.ruiz18@hotmail.com,751137177
00000019T,June,Mendez,june.mendez19@email.com,669580374
00000020U,Marcos,Arias,marcos.arias20@gmail.com,792523968
00000021V,Asier,Perez,asier.perez21@gmail.com,695565484
00000022W,Unai,Iglesias,unai.iglesias22@uni.es,614179623
00000023X,Lucia,Mendez,lucia.mendez23@email.com,626942307
00000024Y,Carlos,Ramos,carlos.ramos24@hotmail.com,761385847
00000025Z,Mateo,Fernandez,mateo.fernandez25@uni.es,670387584
00000026A,Alicia,Iglesias,alicia.iglesias26@email.com,687030477
00000027B,David,Cortes,david.cortes27@hotmail.com,752196099
00000028C,Martin,Perez,martin.perez28@outlook.com,613478029
00000029D,Ainhoa,Vega,ainhoa.vega29@email.com,785386435
00000030E,Sara,Suarez,sara.suarez30@hotmail.com,738799154
00000031F,Emma,Romero,emma.romero31@email.com,626460116
00000032G,David,Sanchez,david.sanchez32@email.com,669741812
00000033H,Elena,Gil,elena.gil33@hotmail.com,683819367
00000034I,Noa,Romero,noa.romero34@hotmail.com,695590648
00000035J,Cristina,Iglesias,cristina.iglesias35@uni.es,626288992
00000036K,Alberto,Navarro,alberto.navarro36@outlook.com,713527782
00000037L,Alicia,Pascual,alicia.pascual37@uni.es,772734149
00000038M,Hugo,Navarro,hugo.navarro38@uni.es,618824561
00000039N,Patricia,Morales,patricia.morales39@email.com,764953237
00000040O,Mateo,Sanchez,mateo.sanchez40@outlook.com,796213226
00000041P,Carlos,Arias,carlos.arias41@email.com,727224779
00000042Q,Malen,Pascual,malen.pascual42@uni.es,627318510
00000043R,Asier,Campos,asier.campos43@gmail.com,679538491
00000044S,Lucia,Herrera,lucia.herrera44@outlook.com,653306792
00000045T,Gorka,Delgado,gorka.delgado45@hotmail.com,720584397
00000046U,Victor,Castro,victor.castro46@uni.es,726800072
00000047V,Leo,Herrera,leo.herrera47@uni.es,677454225
00000048W,Martin,Ortega,martin.ortega48@uni.es,632978158
00000049X,Claudia,Vidal,claudia.vidal49@uni.es,785647532
00000050Y,Mikel,Lopez,mikel.lopez50@gmail.com,696094462
00000051Z,Malen,Fuentes,malen.fuentes51@hotmail.com,686790955
00000052A,Leire,Vidal,leire.vidal52@gmail.com,794176528
00000053B,Noa,Romero,noa.romero53@hotmail.com,742866956
00000054C,Nora,Morales,nora.morales54@hotmail.com,719794273
00000055D,Adrian,Martinez,adrian.martinez55@outlook.com,765783806
00000056E,Iker,Blanco,iker.blanco56@outlook.com,791424562
00000057F,Lucia,Gil,lucia.gil57@hotmail.com,763514837
00000058G,David,Iglesias,david.iglesias58@uni.es,652831009
00000059H,Marta,Blanco,marta.blanco59@gmail.com,770343755
00000060I,Marta,Torres,marta.torres60@gmail.com,648951595
00000061J,Sergio,Vidal,sergio.vidal61@email.com,631434525
00000062K,Daniel,Fuentes,daniel.fuentes62@hotmail.com,631386576
00000063L,Maialen,Campos,maialen.campos63@email.com,751411602
00000064M,Maialen,Lopez,maialen.lopez64@gmail.com,777839607
00000065N,Nahia,Ramos,nahia.ramos65@outlook.com,716530784
00000066O,Laura,Romero,laura.romero66@email.com,748352498
00000067P,Noa,Garcia,noa.garcia67@gmail.com,727976443
00000068Q,Victor,Iglesias,victor.iglesias68@email.com,716072331
00000069R,Unai,Martinez,unai.martinez69@uni.es,658657117
00000070S,Hugo,Romero,hugo.romero70@gmail.com,777680031
00000071T,June,Pascual,june.pascual71@hotmail.com,627268907
00000072U,Pablo,Morales,pablo.morales72@hotmail.com,784870921
00000073V,Alicia,Torres,alicia.torres73@outlook.com,777119320
00000074W,Mikel,Fernandez,mikel.fernandez74@gmail.com,654699966
00000075X,Iker,Cortes,iker.cortes75@email.com,691370909
00000076Y,Aitor,Navarro,aitor.navarro76@hotmail.com,731810655
00000077Z,Unai,Vidal,unai.vidal77@hotmail.com,778090664
00000078A,Aitor,Aguilar,aitor.aguilar78@email.com,773739005
00000079B,Ane,Iglesias,ane.iglesias79@hotmail.com,665907088
00000080C,Valeria,Herrera,valeria.herrera80@gmail.com,745638891
00000081D,Martin,Rey,martin.rey81@uni.es,616892773
00000082E,Valeria,Nieto,valeria.nieto82@outlook.com,729834119
00000083F,Nora,Ramos,nora.ramos83@gmail.com,635606639
00000084G,Ane,Arias,ane.arias84@hotmail.com,730324759
00000085H,Leire,Molina,leire.molina85@email.com,718359252
00000086I,Gorka,Navarro,gorka.navarro86@uni.es,685280948
00000087J,Daniel,Nieto,daniel.nieto87@uni.es,752111160
00000088K,Cristina,Blanco,cristina.blanco88@uni.es,783319550
00000089L,Marcos,Suarez,marcos.suarez89@uni.es,735805259
00000090M,Marta,Perez,marta.perez90@uni.es,740181142
00000091N,Patricia,Romero,patricia.romero91@outlook.com,752552488
00000092O,Iker,Marin,iker.marin92@uni.es,748626436
00000093P,Sara,Fuentes,sara.fuentes93@uni.es,762953249
00000094Q,Marcos,Torres,marcos.torres94@hotmail.com,648605090
00000095R,Gorka,Ruiz,gorka.ruiz95@hotmail.com,798043078
00000096S,Victor,Nieto,victor.nieto96@outlook.com,682286705
00000097T,Irene,Pascual,irene.pascual97@hotmail.com,624660143
00000098U,Emma,Rey,emma.rey98@outlook.com,616813620
00000099V,Claudia,Cortes,claudia.cortes99@outlook.com,617045237
00000100W,Pablo,Santos,pablo.santos100@hotmail.com,723494908
00000101X,Nora,Navarro,nora.navarro101@gmail.com,664614193
00000102Y,Martin,Nieto,martin.nieto102@email.com,648553376
00000103Z,Daniel,Romero,daniel.romero103@gmail.com,697550053
00000104A,Mateo,Delgado,mateo.delgado104@uni.es,633496796
00000105B,Leire,Vega,leire.vega105@gmail.com,776489301
00000106C,Cristina,Romero,cristina.romero106@gmail.com,650049524
00000107D,Mateo,Mendez,mateo.mendez107@gmail.com,748193218
00000108E,Nahia,Aguilar,nahia.aguilar108@uni.es,728012011
00000109F,Aitor,Blanco,aitor.blanco109@hotmail.com,625119192
00000110G,Paula,Ortega,paula.ortega110@email.com,734991216
00000111H,Jon,Leon,jon.leon111@hotmail.com,633554528
00000112I,Emma,Morales,emma.morales112@email.com,721641746
00000113J,Unai,Diaz,unai.diaz113@outlook.com,674082804
00000114K,Daniel,Ramos,daniel.ramos114@gmail.com,761482483
00000115L,Marta,Arias,marta.arias115@hotmail.com,750526484
00000116M,Valeria,Fuentes,valeria.fuentes116@gmail.com,797735896
00000117N,Alicia,Ramos,alicia.ramos117@gmail.com,672464258
00000118O,Patricia,Ortega,patricia.ortega118@email.com,725759274
00000119P,Leo,Romero,leo.romero119@hotmail.com,639410942
00000120Q,David,Nieto,david.nieto120@outlook.com,791300905
00000121R,Alicia,Santos,alicia.santos121@uni.es,782144402
00000122S,Claudia,Molina,claudia.molina122@outlook.com,680532309
00000123T,June,Cortes,june.cortes123@hotmail.com,685721444
00000124U,Sara,Martinez,sara.martinez124@uni.es,686866717
00000125V,Noa,Torres,noa.torres125@outlook.com,779839059
00000126W,June,Gomez,june.gomez126@outlook.com,722205980
00000127X,Aitor,Arias,aitor.arias127@gmail.com,727709269
00000128Y,Aitor,Santos,aitor.santos128@email.com,685000490
00000129Z,Nahia,Herrera,nahia.herrera129@gmail.com,744152669
00000130A,Jon,Molina,jon.molina130@uni.es,616078694
00000131B,Asier,Marin,asier.marin131@gmail.com,619263592
00000132C,Iker,Fernandez,iker.fernandez132@hotmail.com,734156684
00000133D,Malen,Navarro,malen.navarro133@email.com,761335545
00000134E,June,Cano,june.cano134@email.com,698824290
00000135F,Noa,Navarro,noa.navarro135@hotmail.com,633954324
00000136G,Noa,Morales,noa.morales136@uni.es,639888974
00000137H,Jon,Lopez,jon.lopez137@hotmail.com,783074216
00000138I,Asier,Aguilar,asier.aguilar138@email.com,643220503
00000139J,Nahia,Marin,nahia.marin139@outlook.com,735297417
00000140K,Oihane,Gomez,oihane.gomez140@gmail.com,792533595
00000141L,Malen,Lopez,malen.lopez141@outlook.com,619031632
00000142M,Pablo,Mendez,pablo.mendez142@gmail.com,790233330
00000143N,Nora,Martinez,nora.martinez143@outlook.com,663991141
00000144O,June,Delgado,june.delgado144@uni.es,617575790
00000145P,David,Campos,david.campos145@hotmail.com,687324220
00000146Q,Daniel,Fuentes,daniel.fuentes146@uni.es,741796721
00000147R,Patricia,Torres,patricia.torres147@uni.es,665507111
00000148S,Patricia,Perez,patricia.perez148@gmail.com,694019376
00000149T,Nora,Prieto,nora.prieto149@uni.es,716292676
00000150U,Marcos,Cano,marcos.cano150@uni.es,765878146
00000151V,Leire,Torres,leire.torres151@hotmail.com,734679818
00000152W,Beñat,Aguilar,beñat.aguilar152@email.com,640245233
00000153X,Patricia,Torres,patricia.torres153@email.com,685482164
00000154Y,Leire,Santos,leire.santos154@uni.es,662132722
00000155Z,Marta,Suarez,marta.suarez155@outlook.com,796799390
00000156A,Elena,Arias,elena.arias156@hotmail.com,681891784
00000157B,Oihane,Castro,oihane.castro157@gmail.com,760622628
00000158C,Nora,Mendez,nora.mendez158@uni.es,619768947
00000159D,Alberto,Rey,alberto.rey159@uni.es,674343201
00000160E,Nerea,Leon,nerea.leon160@hotmail.com,638428357
00000161F,Alberto,Gomez,alberto.gomez161@email.com,691121400
00000162G,Gorka,Molina,gorka.molina162@email.com,684098828
00000163H,Daniel,Romero,daniel.romero163@email.com,781625307
00000164I,Martin,Marin,martin.marin164@hotmail.com,758270683
00000165J,Aitor,Calvo,aitor.calvo165@email.com,673013937
00000166K,Beñat,Gil,beñat.gil166@outlook.com,751999682
00000167L,Leire,Fernandez,leire.fernandez167@uni.es,629585415
00000168M,Ane,Suarez,ane.suarez168@uni.es,749620038
00000169N,Lucia,Castro,lucia.castro169@hotmail.com,660981231
00000170O,Mateo,Ramos,mateo.ramos170@email.com,744537812
00000171P,Beñat,Calvo,beñat.calvo171@email.com,732579937
00000172Q,Oihane,Marin,oihane.marin172@outlook.com,683356206
00000173R,Maialen,Vega,maialen.vega173@uni.es,680322629
00000174S,Mikel,Sanchez,mikel.sanchez174@gmail.com,665350347
00000175T,David,Delgado,david.delgado175@gmail.com,611226946
00000176U,Nerea,Campos,nerea.campos176@email.com,718113477
00000177V,Emma,Vidal,emma.vidal177@email.com,712111482
00000178W,Jon,Aguilar,jon.aguilar178@uni.es,711590610
00000179X,Ane,Cortes,ane.cortes179@hotmail.com,712300840
00000180Y,Aitor,Prieto,aitor.prieto180@outlook.com,622927031
00000181Z,Uxue,Torres,uxue.torres181@outlook.com,693185576
00000182A,Uxue,Suarez,uxue.suarez182@hotmail.com,763270536
00000183B,Elena,Iglesias,elena.iglesias183@email.com,785833309
00000184C,Marta,Delgado,marta.delgado184@hotmail.com,697742922
00000185D,Martin,Fernandez,martin.fernandez185@gmail.com,760903955
00000186E,Sergio,Pascual,sergio.pascual186@email.com,695462880
00000187F,Jon,Ortega,jon.ortega187@gmail.com,768238367
00000188G,Martin,Leon,martin.leon188@uni.es,680888325
00000189H,Mikel,Delgado,mikel.delgado189@outlook.com,746385762
00000190I,Mikel,Sanchez,mikel.sanchez190@hotmail.com,634072553
00000191J,Daniel,Lopez,daniel.lopez191@outlook.com,663458386
00000192K,Carlos,Herrera,carlos.herrera192@outlook.com,686060638
00000193L,Sergio,Aguilar,sergio.aguilar193@hotmail.com,728783850
00000194M,Adrian,Ruiz,adrian.ruiz194@uni.es,717207013
00000195N,Pablo,Prieto,pablo.prieto195@outlook.com,655713584
00000196O,Julia,Vidal,julia.vidal196@uni.es,753805532
00000197P,Ane,Perez,ane.perez197@email.com,740620216
00000198Q,Marcos,Pascual,marcos.pascual198@email.com,734929311
00000199R,Nora,Rey,nora.rey199@email.com,693029219
00000200S,Javier,Ramos,javier.ramos200@gmail.com,645966597
00000201T,Lucia,Cano,lucia.cano201@outlook.com,752503832
00000202U,Alicia,Diaz,alicia.diaz202@gmail.com,651374957
00000203V,June,Iglesias,june.iglesias203@hotmail.com,627784789
00000204W,Elena,Vega,elena.vega204@email.com,784757265
00000205X,Hugo,Campos,hugo.campos205@email.com,613524813
00000206Y,Elena,Marin,elena.marin206@uni.es,690117857
00000207Z,Julia,Gil,julia.gil207@email.com,649171088
00000208A,Leire,Cano,leire.cano208@gmail.com,686767229
00000209B,Uxue,Ortega,uxue.ortega209@email.com,628634797
00000210C,Irene,Herrera,irene.herrera210@hotmail.com,729587040
00000211D,Carlos,Ortega,carlos.ortega211@email.com,766519399
00000212E,Patricia,Nieto,patricia.nieto212@gmail.com,743782566
00000213F,Marta,Calvo,marta.calvo213@uni.es,671453148
00000214G,Pablo,Navarro,pablo.navarro214@hotmail.com,663108878
00000215H,Paula,Vidal,paula.vidal215@email.com,769085720
00000216I,Paula,Prieto,paula.prieto216@uni.es,650323741
00000217J,Daniel,Mendez,daniel.mendez217@outlook.com,752168966
00000218K,Cristina,Morales,cristina.morales218@hotmail.com,794946730
00000219L,Maialen,Fuentes,maialen.fuentes219@outlook.com,760473288
00000220M,Irene,Morales,irene.morales220@hotmail.com,685678734
00000221N,Alberto,Rey,alberto.rey221@uni.es,683833059
00000222O,Ane,Blanco,ane.blanco222@outlook.com,749101812
00000223P,Adrian,Sanchez,adrian.sanchez223@email.com,728680305
00000224Q,Leo,Herrera,leo.herrera224@outlook.com,798404247
00000225R,Lucia,Prieto,lucia.prieto225@email.com,670272714
00000226S,Julia,Nieto,julia.nieto226@uni.es,781721578
00000227T,Aitor,Santos,aitor.santos227@uni.es,658255231
00000228U,Adrian,Aguilar,adrian.aguilar228@uni.es,624679315
00000229V,Malen,Ramos,malen.ramos229@hotmail.com,696838849
00000230W,Emma,Fernandez,emma.fernandez230@uni.es,754506155
00000231X,Asier,Diaz,asier.diaz231@gmail.com,644727276
00000232Y,Raul,Campos,raul.campos232@uni.es,669831384
00000233Z,Alicia,Morales,alicia.morales233@email.com,656300738
00000234A,Ane,Nieto,ane.nieto234@gmail.com,765831276
00000235B,Elena,Gomez,elena.gomez235@outlook.com,751861213
00000236C,Paula,Blanco,paula.blanco236@outlook.com,756748074
00000237D,Iker,Diaz,iker.diaz237@email.com,752803305
00000238E,Carlos,Herrera,carlos.herrera238@gmail.com,613031322
00000239F,Paula,Diaz,paula.diaz239@outlook.com,679255529
00000240G,Cristina,Pascual,cristina.pascual240@outlook.com,785141654
00000241H,Asier,Blanco,asier.blanco241@outlook.com,794524999
00000242I,Cristina,Vega,cristina.vega242@email.com,713918120
00000243J,Ainhoa,Vidal,ainhoa.vidal243@outlook.com,789484162
00000244K,Asier,Cano,asier.cano244@gmail.com,637619925
00000245L,Irene,Sanchez,irene.sanchez245@uni.es,682060023
00000246M,Cristina,Iglesias,cristina.iglesias246@hotmail.com,671411378
00000247N,Sara,Suarez,sara.suarez247@email.com,790124068
00000248O,Sergio,Vidal,sergio.vidal248@email.com,656697654
00000249P,Marcos,Blanco,marcos.blanco249@uni.es,649922369
00000250Q,Emma,Rey,emma.rey250@gmail.com,652035079
00000251R,Sara,Ramos,sara.ramos251@hotmail.com,634567819
00000252S,Alicia,Torres,alicia.torres252@uni.es,766135102
00000253T,Julia,Navarro,julia.navarro253@uni.es,766779304
00000254U,Cristina,Calvo,cristina.calvo254@uni.es,684479105
00000255V,Andres,Calvo,andres.calvo255@hotmail.com,635111946
00000256W,Daniel,Arias,daniel.arias256@uni.es,658189421
00000257X,Jon,Calvo,jon.calvo257@outlook.com,661532114
00000258Y,Hugo,Campos,hugo.campos258@email.com,775998330
00000259Z,Leire,Arias,leire.arias259@email.com,621095863
00000260A,Mateo,Lopez,mateo.lopez260@outlook.com,714388260
00000261B,Irene,Delgado,irene.delgado261@uni.es,732576626
00000262C,Malen,Blanco,malen.blanco262@uni.es,783782999
00000263D,Aitor,Gomez,aitor.gomez263@uni.es,645955440
00000264E,Malen,Aguilar,malen.aguilar264@hotmail.com,669239219
00000265F,Noa,Molina,noa.molina265@email.com,697734330
00000266G,Beñat,Ramos,beñat.ramos266@hotmail.com,670362053
00000267H,Victor,Marin,victor.marin267@gmail.com,725755285
00000268I,Malen,Ramos,malen.ramos268@outlook.com,791907952
00000269J,Leo,Prieto,leo.prieto269@outlook.com,637732020
00000270K,Nerea,Martinez,nerea.martinez270@uni.es,781441519
00000271L,Irene,Mendez,irene.mendez271@uni.es,653440052
00000272M,Gorka,Romero,gorka.romero272@hotmail.com,779043610
00000273N,Nora,Diaz,nora.diaz273@outlook.com,717957216
00000274O,Irene,Navarro,irene.navarro274@outlook.com,629628462
00000275P,Gorka,Gil,gorka.gil275@outlook.com,775694038
00000276Q,Lucia,Fuentes,lucia.fuentes276@hotmail.com,760354777
00000277R,June,Sanchez,june.sanchez277@gmail.com,779204468
00000278S,Ainhoa,Perez,ainhoa.perez278@hotmail.com,775504221
00000279T,Daniel,Rey,daniel.rey279@gmail.com,671532017
00000280U,Leo,Marin,leo.marin280@gmail.com,739236638
00000281V,Asier,Molina,asier.molina281@email.com,753334226
00000282W,Javier,Leon,javier.leon282@uni.es,685986307
00000283X,Maialen,Leon,maialen.leon283@gmail.com,623364695
00000284Y,Leo,Blanco,leo.blanco284@gmail.com,631204188
00000285Z,June,Blanco,june.blanco285@gmail.com,737154689
00000286A,Adrian,Navarro,adrian.navarro286@hotmail.com,646778269
00000287B,Elena,Iglesias,elena.iglesias287@hotmail.com,659908025
00000288C,Claudia,Ortega,claudia.ortega288@gmail.com,793967184
00000289D,Patricia,Delgado,patricia.delgado289@email.com,622775337
00000290E,Jon,Molina,jon.molina290@email.com,627810664
00000291F,Valeria,Delgado,valeria.delgado291@uni.es,711246473
00000292G,Jon,Leon,jon.leon292@gmail.com,727740248
00000293H,Iker,Sanchez,iker.sanchez293@outlook.com,721989814
00000294I,Oihane,Diaz,oihane.diaz294@gmail.com,759333294
00000295J,Patricia,Navarro,patricia.navarro295@email.com,696110892
00000296K,Nora,Torres,nora.torres296@gmail.com,691915661
00000297L,Martin,Ortega,martin.ortega297@email.com,738595818
00000298M,Leo,Torres,leo.torres298@email.com,739158087
00000299N,Elena,Diaz,elena.diaz299@outlook.com,689131271
00000300O,Oihane,Cano,oihane.cano300@hotmail.com,752211967
00000301P,David,Ramos,david.ramos301@hotmail.com,643308414
00000302Q,Hugo,Mendez,hugo.mendez302@uni.es,713600310
00000303R,Claudia,Herrera,claudia.herrera303@outlook.com,662579931
00000304S,Javier,Martinez,javier.martinez304@outlook.com,761792685
00000305T,Sara,Ramos,sara.ramos305@email.com,680905413
00000306U,Jon,Iglesias,jon.iglesias306@hotmail.com,661920550
00000307V,Mateo,Santos,mateo.santos307@hotmail.com,673218512
00000308W,Malen,Sanchez,malen.sanchez308@gmail.com,611851322
00000309X,Victor,Molina,victor.molina309@gmail.com,663415303
00000310Y,Aitor,Romero,aitor.romero310@uni.es,766851305
00000311Z,Adrian,Morales,adrian.morales311@gmail.com,647241089
00000312A,Elena,Herrera,elena.herrera312@gmail.com,630854365
00000313B,Noa,Gil,noa.gil313@email.com,651630244
00000314C,Adrian,Prieto,adrian.prieto314@outlook.com,642813517
00000315D,Elena,Prieto,elena.prieto315@gmail.com,792181084
00000316E,Julia,Martinez,julia.martinez316@hotmail.com,626031369
00000317F,Jon,Navarro,jon.navarro317@gmail.com,676627415
00000318G,Marcos,Cortes,marcos.cortes318@uni.es,732409388
00000319H,Alicia,Navarro,alicia.navarro319@hotmail.com,613940129
00000320I,Paula,Prieto,paula.prieto320@hotmail.com,645292504
00000321J,Gorka,Fuentes,gorka.fuentes321@gmail.com,771095611
00000322K,Aitor,Iglesias,aitor.iglesias322@gmail.com,786086168
00000323L,Andres,Iglesias,andres.iglesias323@outlook.com,723811663
00000324M,Mateo,Gomez,mateo.gomez324@outlook.com,615910667
00000325N,Jon,Ramos,jon.ramos325@gmail.com,758852098
00000326O,Sergio,Torres,sergio.torres326@outlook.com,684204255
00000327P,Gorka,Santos,gorka.santos327@outlook.com,743321320
00000328Q,Leire,Gil,leire.gil328@hotmail.com,686710258
00000329R,Alicia,Gomez,alicia.gomez329@uni.es,634071191
00000330S,Raul,Cortes,raul.cortes330@gmail.com,719251149
00000331T,Nahia,Romero,nahia.romero331@hotmail.com,721594468
00000332U,Hugo,Blanco,hugo.blanco332@gmail.com,736933626
00000333V,Javier,Fuentes,javier.fuentes333@hotmail.com,672267186
00000334W,Alicia,Rey,alicia.rey334@email.com,683357939
00000335X,Beñat,Ramos,beñat.ramos335@outlook.com,665034115
00000336Y,Ane,Delgado,ane.delgado336@uni.es,795354668
00000337Z,Adrian,Garcia,adrian.garcia337@hotmail.com,698221829
00000338A,Sergio,Herrera,sergio.herrera338@gmail.com,681110496
00000339B,Marta,Santos,marta.santos339@email.com,629109045
00000340C,Gorka,Perez,gorka.perez340@gmail.com,641067722
00000341D,Uxue,Santos,uxue.santos341@hotmail.com,721395409
00000342E,Valeria,Diaz,valeria.diaz342@uni.es,695525640
00000343F,Unai,Sanchez,unai.sanchez343@uni.es,668382413
00000344G,Claudia,Navarro,claudia.navarro344@outlook.com,745029610
00000345H,Daniel,Morales,daniel.morales345@hotmail.com,770768130
00000346I,Irene,Delgado,irene.delgado346@gmail.com,628268622
00000347J,Malen,Rey,malen.rey347@gmail.com,624181143
00000348K,Andres,Arias,andres.arias348@email.com,764561191
00000349L,Sara,Aguilar,sara.aguilar349@hotmail.com,670655283
00000350M,Patricia,Blanco,patricia.blanco350@hotmail.com,622136086
00000351N,Andres,Herrera,andres.herrera351@uni.es,638859601
00000352O,Daniel,Torres,daniel.torres352@gmail.com,657746984
00000353P,Unai,Campos,unai.campos353@gmail.com,744918995
00000354Q,Cristina,Lopez,cristina.lopez354@email.com,784618850
00000355R,Ainhoa,Pascual,ainhoa.pascual355@outlook.com,672014395
00000356S,Pablo,Navarro,pablo.navarro356@gmail.com,618277097
00000357T,Malen,Delgado,malen.delgado357@outlook.com,663765180
00000358U,Alicia,Ruiz,alicia.ruiz358@uni.es,720064609
00000359V,Ane,Sanchez,ane.sanchez359@outlook.com,727286109
00000360W,Elena,Leon,elena.leon360@gmail.com,671873691
00000361X,Laura,Ortega,laura.ortega361@uni.es,763015826
00000362Y,Maialen,Lopez,maialen.lopez362@email.com,733193791
00000363Z,Marcos,Molina,marcos.molina363@outlook.com,747561442
00000364A,June,Torres,june.torres364@gmail.com,696876236
00000365B,Javier,Calvo,javier.calvo365@email.com,718184472
00000366C,Elena,Perez,elena.perez366@email.com,666268745
00000367D,Alberto,Cortes,alberto.cortes367@outlook.com,661338023
00000368E,Gorka,Marin,gorka.marin368@email.com,756175477
00000369F,Mateo,Campos,mateo.campos369@hotmail.com,746297263
00000370G,Cristina,Lopez,cristina.lopez370@hotmail.com,613933043
00000371H,Malen,Perez,malen.perez371@gmail.com,781059199
00000372I,Marcos,Rey,marcos.rey372@outlook.com,623439803
00000373J,Marta,Ramos,marta.ramos373@hotmail.com,639448924
00000374K,Mateo,Cano,mateo.cano374@hotmail.com,633635791
00000375L,Marta,Rey,marta.rey375@hotmail.com,789398174
00000376M,Ane,Marin,ane.marin376@uni.es,685579195
00000377N,Alberto,Calvo,alberto.calvo377@uni.es,733562830
00000378O,Maialen,Fernandez,maialen.fernandez378@gmail.com,641222178
00000379P,Julia,Delgado,julia.delgado379@gmail.com,710091737
00000380Q,Paula,Vidal,paula.vidal380@outlook.com,655735904
00000381R,Gorka,Vega,gorka.vega381@hotmail.com,612941099
00000382S,Lucia,Rey,lucia.rey382@outlook.com,680638102
00000383T,Alicia,Sanchez,alicia.sanchez383@hotmail.com,788653825
00000384U,Pablo,Leon,pablo.leon384@hotmail.com,728314232
00000385V,Andres,Prieto,andres.prieto385@email.com,733381086
00000386W,Gorka,Pascual,gorka.pascual386@uni.es,739962391
00000387X,Claudia,Rey,claudia.rey387@outlook.com,751181116
00000388Y,Oihane,Romero,oihane.romero388@outlook.com,610241310
00000389Z,Adrian,Fuentes,adrian.fuentes389@email.com,634438599
00000390A,Julia,Gil,julia.gil390@uni.es,695851936
00000391B,Mateo,Diaz,mateo.diaz391@email.com,654448673
00000392C,Ainhoa,Sanchez,ainhoa.sanchez392@outlook.com,752885071
00000393D,Andres,Ruiz,andres.ruiz393@hotmail.com,711529494
00000394E,Victor,Molina,victor.molina394@outlook.com,657040785
00000395F,Victor,Diaz,victor.diaz395@gmail.com,661799600
00000396G,June,Santos,june.santos396@outlook.com,776180344
00000397H,Sergio,Marin,sergio.marin397@uni.es,723613510
00000398I,Iker,Fuentes,iker.fuentes398@outlook.com,670570772
00000399J,Carlos,Fernandez,carlos.fernandez399@hotmail.com,652777459
00000400K,Victor,Diaz,victor.diaz400@gmail.com,732831133
00000401L,Sergio,Ortega,sergio.ortega401@gmail.com,655358959
00000402M,Julia,Vidal,julia.vidal402@email.com,667891237
00000403N,Martin,Ortega,martin.ortega403@uni.es,731086112
00000404O,Laura,Diaz,laura.diaz404@hotmail.com,635499255
00000405P,Leire,Pascual,leire.pascual405@uni.es,798663948
00000406Q,Javier,Herrera,javier.herrera406@outlook.com,616661956
00000407R,Unai,Fuentes,unai.fuentes407@uni.es,730614492
00000408S,Laura,Iglesias,laura.iglesias408@gmail.com,721761279
00000409T,Javier,Mendez,javier.mendez409@email.com,623017361
00000410U,Ane,Molina,ane.molina410@outlook.com,720997276
00000411V,Iker,Gomez,iker.gomez411@hotmail.com,773209094
00000412W,Maialen,Suarez,maialen.suarez412@gmail.com,734814337
00000413X,Alicia,Cano,alicia.cano413@hotmail.com,669830944
00000414Y,Mikel,Suarez,mikel.suarez414@email.com,745353058
00000415Z,Raul,Perez,raul.perez415@uni.es,630284415
00000416A,Beñat,Diaz,beñat.diaz416@gmail.com,782672055
00000417B,Leire,Rey,leire.rey417@outlook.com,661956500
00000418C,Uxue,Santos,uxue.santos418@uni.es,786868410
00000419D,Marta,Nieto,marta.nieto419@hotmail.com,662989744
00000420E,Gorka,Fernandez,gorka.fernandez420@uni.es,626143959
00000421F,Beñat,Arias,beñat.arias421@outlook.com,638439415
00000422G,Alberto,Navarro,alberto.navarro422@gmail.com,720518444
00000423H,Nora,Prieto,nora.prieto423@outlook.com,689865944
00000424I,Victor,Gil,victor.gil424@gmail.com,662089786
00000425J,Hugo,Morales,hugo.morales425@uni.es,747071046
00000426K,Uxue,Blanco,uxue.blanco426@gmail.com,725102023
00000427L,Leire,Torres,leire.torres427@outlook.com,624178065
00000428M,Mateo,Diaz,mateo.diaz428@hotmail.com,765148727
00000429N,Victor,Cano,victor.cano429@email.com,715028557
00000430O,Cristina,Perez,cristina.perez430@email.com,692979370
00000431P,Julia,Morales,julia.morales431@gmail.com,754492381
00000432Q,Adrian,Ramos,adrian.ramos432@gmail.com,746048781
00000433R,Alicia,Lopez,alicia.lopez433@hotmail.com,751734908
00000434S,Irene,Calvo,irene.calvo434@gmail.com,628036919
00000435T,Patricia,Arias,patricia.arias435@hotmail.com,765938288
00000436U,Julia,Ruiz,julia.ruiz436@outlook.com,738372352
00000437V,Leire,Calvo,leire.calvo437@uni.es,717543817
00000438W,Aitor,Ortega,aitor.ortega438@gmail.com,778020910
00000439X,Unai,Navarro,unai.navarro439@uni.es,633318633
00000440Y,Alberto,Castro,alberto.castro440@gmail.com,614438720
00000441Z,Nahia,Martinez,nahia.martinez441@hotmail.com,646772637
00000442A,Alicia,Blanco,alicia.blanco442@uni.es,795283260
00000443B,Sara,Lopez,sara.lopez443@outlook.com,775603845
00000444C,Julia,Arias,julia.arias444@outlook.com,788769733
00000445D,Hugo,Marin,hugo.marin445@hotmail.com,644716747
00000446E,Ainhoa,Ruiz,ainhoa.ruiz446@hotmail.com,661883966
00000447F,Laura,Ortega,laura.ortega447@uni.es,639709238
00000448G,Martin,Delgado,martin.delgado448@outlook.com,797454571
00000449H,Leire,Campos,leire.campos449@gmail.com,673632249
00000450I,David,Vega,david.vega450@uni.es,640033905
00000451J,Victor,Mendez,victor.mendez451@hotmail.com,766882385
00000452K,Sergio,Marin,sergio.marin452@email.com,739287523
00000453L,Nahia,Herrera,nahia.herrera453@uni.es,788448538
00000454M,Pablo,Garcia,pablo.garcia454@uni.es,785357498
00000455N,Martin,Mendez,martin.mendez455@uni.es,750060760
00000456O,Nora,Diaz,nora.diaz456@email.com,655135227
00000457P,Irene,Gil,irene.gil457@hotmail.com,798062882
00000458Q,Gorka,Herrera,gorka.herrera458@outlook.com,679429969
00000459R,Beñat,Ramos,beñat.ramos459@gmail.com,798654879
00000460S,Daniel,Navarro,daniel.navarro460@gmail.com,749675382
00000461T,Victor,Santos,victor.santos461@email.com,714740436
00000462U,Valeria,Fuentes,valeria.fuentes462@outlook.com,739845082
00000463V,Nora,Aguilar,nora.aguilar463@email.com,778090647
00000464W,Patricia,Ortega,patricia.ortega464@uni.es,649431028
00000465X,Pablo,Nieto,pablo.nieto465@outlook.com,785031958
00000466Y,Beñat,Vega,beñat.vega466@hotmail.com,639830361
00000467Z,Marcos,Delgado,marcos.delgado467@hotmail.com,754468633
00000468A,Alicia,Suarez,alicia.suarez468@uni.es,772244897
00000469B,Sara,Nieto,sara.nieto469@gmail.com,673380252
00000470C,Alberto,Campos,alberto.campos470@gmail.com,781113720
00000471D,Patricia,Santos,patricia.santos471@gmail.com,628436852
00000472E,Alberto,Leon,alberto.leon472@email.com,729223220
00000473F,Daniel,Vega,daniel.vega473@gmail.com,754644768
00000474G,Leo,Vega,leo.vega474@hotmail.com,610632635
00000475H,June,Perez,june.perez475@outlook.com,687346846
00000476I,Beñat,Ortega,beñat.ortega476@email.com,627368573
00000477J,Emma,Prieto,emma.prieto477@email.com,767582820
00000478K,Iker,Cano,iker.cano478@gmail.com,681643088
00000479L,Alberto,Iglesias,alberto.iglesias479@gmail.com,781274148
00000480M,Alberto,Lopez,alberto.lopez480@gmail.com,640368869
00000481N,Adrian,Marin,adrian.marin481@hotmail.com,623785264
00000482O,Sergio,Campos,sergio.campos482@uni.es,732417070
00000483P,Carlos,Fernandez,carlos.fernandez483@hotmail.com,771193393
00000484Q,Oihane,Cortes,oihane.cortes484@uni.es,768205561
00000485R,Nora,Navarro,nora.navarro485@hotmail.com,758217837
00000486S,Beñat,Castro,beñat.castro486@outlook.com,712566878
00000487T,Raul,Delgado,raul.delgado487@outlook.com,612941149
00000488U,Valeria,Campos,valeria.campos488@outlook.com,659203071
00000489V,Gorka,Fernandez,gorka.fernandez489@email.com,781770706
00000490W,Emma,Martinez,emma.martinez490@uni.es,698848098
00000491X,Pablo,Lopez,pablo.lopez491@gmail.com,665938669
00000492Y,June,Cano,june.cano492@gmail.com,773672398
00000493Z,Adrian,Torres,adrian.torres493@outlook.com,650415166
00000494A,Leire,Diaz,leire.diaz494@uni.es,793590502
00000495B,Julia,Navarro,julia.navarro495@email.com,678663747
00000496C,Oihane,Vidal,oihane.vidal496@gmail.com,725302505
00000497D,Pablo,Calvo,pablo.calvo497@outlook.com,645298445
00000498E,Uxue,Castro,uxue.castro498@hotmail.com,749641367
00000499F,Andres,Fernandez,andres.fernandez499@uni.es,737876214
00000500G,Adrian,Nieto,adrian.nieto500@hotmail.com,610367488
00000501H,Jon,Ruiz,jon.ruiz501@gmail.com,730017834
00000502I,Elena,Campos,elena.campos502@gmail.com,644345256
00000503J,Martin,Delgado,martin.delgado503@email.com,745450260
00000504K,Nahia,Martinez,nahia.martinez504@gmail.com,615294153
00000505L,Javier,Iglesias,javier.iglesias505@hotmail.com,725555976
00000506M,Pablo,Fernandez,pablo.fernandez506@gmail.com,699034004
00000507N,Martin,Ortega,martin.ortega507@hotmail.com,768749047
00000508O,Emma,Perez,emma.perez508@gmail.com,755999465
00000509P,Cristina,Gomez,cristina.gomez509@email.com,771275585
00000510Q,Irene,Cano,irene.cano510@email.com,797086700
00000511R,Andres,Gomez,andres.gomez511@outlook.com,631393688
00000512S,Pablo,Santos,pablo.santos512@uni.es,786362294
00000513T,Nora,Arias,nora.arias513@outlook.com,758130331
00000514U,Emma,Lopez,emma.lopez514@outlook.com,775514730
00000515V,Sara,Santos,sara.santos515@email.com,618500820
00000516W,Victor,Gil,victor.gil516@gmail.com,699904987
00000517X,Paula,Cortes,paula.cortes517@uni.es,668095862
00000518Y,Claudia,Ramos,claudia.ramos518@email.com,799081734
00000519Z,Nora,Cano,nora.cano519@outlook.com,611562947
00000520A,Martin,Ortega,martin.ortega520@uni.es,776549837
00000521B,Andres,Sanchez,andres.sanchez521@email.com,742331952
00000522C,Paula,Perez,paula.perez522@gmail.com,683886264
00000523D,Martin,Cano,martin.cano523@email.com,620580463
00000524E,Nahia,Arias,nahia.arias524@uni.es,721813825
00000525F,Maialen,Arias,maialen.arias525@hotmail.com,676756320
00000526G,Ainhoa,Lopez,ainhoa.lopez526@gmail.com,765343143
00000527H,Mikel,Pascual,mikel.pascual527@uni.es,622199793
00000528I,Julia,Vidal,julia.vidal528@hotmail.com,697858385
00000529J,Claudia,Blanco,claudia.blanco529@hotmail.com,717284695
00000530K,Raul,Blanco,raul.blanco530@hotmail.com,798203489
00000531L,Alicia,Arias,alicia.arias531@gmail.com,698437437
00000532M,Raul,Garcia,raul.garcia532@hotmail.com,795048563
00000533N,Javier,Pascual,javier.pascual533@uni.es,724270328
00000534O,Mikel,Ortega,mikel.ortega534@email.com,664923338
00000535P,Pablo,Suarez,pablo.suarez535@uni.es,635171649
00000536Q,Sara,Morales,sara.morales536@outlook.com,735579048
00000537R,Gorka,Leon,gorka.leon537@gmail.com,716241172
00000538S,Leo,Rey,leo.rey538@gmail.com,771389561
00000539T,Claudia,Rey,claudia.rey539@uni.es,676951647
00000540U,Jon,Cortes,jon.cortes540@gmail.com,788533572
00000541V,Iker,Campos,iker.campos541@outlook.com,627231111
00000542W,Pablo,Cano,pablo.cano542@uni.es,777660514
00000543X,Sergio,Santos,sergio.santos543@uni.es,646721417
00000544Y,Unai,Leon,unai.leon544@hotmail.com,727900864
00000545Z,David,Santos,david.santos545@uni.es,783525272
00000546A,Daniel,Pascual,daniel.pascual546@outlook.com,638147161
00000547B,Emma,Romero,emma.romero547@hotmail.com,697253117
00000548C,Cristina,Campos,cristina.campos548@uni.es,725489430
00000549D,Beñat,Marin,beñat.marin549@uni.es,788222933
00000550E,Mateo,Santos,mateo.santos550@uni.es,766691738
00000551F,Jon,Cortes,jon.cortes551@gmail.com,661119548
00000552G,Lucia,Martinez,lucia.martinez552@gmail.com,645833216
00000553H,Beñat,Ortega,beñat.ortega553@hotmail.com,729653285
00000554I,Laura,Romero,laura.romero554@outlook.com,658141541
00000555J,June,Diaz,june.diaz555@uni.es,696854901
00000556K,Hugo,Cano,hugo.cano556@outlook.com,799186817
00000557L,Laura,Cano,laura.cano557@email.com,751963706
00000558M,Hugo,Martinez,hugo.martinez558@gmail.com,737257905
00000559N,Emma,Arias,emma.arias559@outlook.com,788971743
00000560O,Noa,Mendez,noa.mendez560@outlook.com,649483865
00000561P,June,Vega,june.vega561@gmail.com,633326387
00000562Q,Ainhoa,Campos,ainhoa.campos562@gmail.com,715453834
00000563R,Asier,Perez,asier.perez563@uni.es,727457234
00000564S,Andres,Rey,andres.rey564@hotmail.com,654367386
00000565T,Nahia,Torres,nahia.torres565@gmail.com,653302669
00000566U,Julia,Martinez,julia.martinez566@uni.es,775840632
00000567V,Mateo,Pascual,mateo.pascual567@hotmail.com,652662313
00000568W,Uxue,Delgado,uxue.delgado568@outlook.com,677798790
00000569X,Andres,Santos,andres.santos569@uni.es,722340723
00000570Y,Marcos,Delgado,marcos.delgado570@outlook.com,754434998
00000571Z,Alicia,Romero,alicia.romero571@outlook.com,785341065
00000572A,Beñat,Garcia,beñat.garcia572@gmail.com,769816445
00000573B,Marta,Vidal,marta.vidal573@uni.es,615352233
00000574C,Nora,Gil,nora.gil574@email.com,661791391
00000575D,Victor,Aguilar,victor.aguilar575@hotmail.com,679372824
00000576E,Malen,Iglesias,malen.iglesias576@uni.es,775337822
00000577F,Mikel,Romero,mikel.romero577@outlook.com,778973779
00000578G,Elena,Diaz,elena.diaz578@outlook.com,694145533
00000579H,Carlos,Molina,carlos.molina579@outlook.com,723948820
00000580I,Nerea,Aguilar,nerea.aguilar580@email.com,630636590
00000581J,Ane,Blanco,ane.blanco581@hotmail.com,621746856
00000582K,Carlos,Martinez,carlos.martinez582@outlook.com,784904794
00000583L,Carlos,Fuentes,carlos.fuentes583@outlook.com,764711545
00000584M,Sergio,Arias,sergio.arias584@email.com,752467059
00000585N,Ane,Cano,ane.cano585@gmail.com,696090303
00000586O,Oihane,Vidal,oihane.vidal586@gmail.com,619742790
00000587P,Marcos,Campos,marcos.campos587@gmail.com,750446607
00000588Q,Julia,Ruiz,julia.ruiz588@hotmail.com,761192463
00000589R,Unai,Lopez,unai.lopez589@email.com,681600831
00000590S,Raul,Navarro,raul.navarro590@email.com,795100169
00000591T,Lucia,Herrera,lucia.herrera591@hotmail.com,684292758
00000592U,Hugo,Torres,hugo.torres592@gmail.com,610675093
00000593V,Mateo,Mendez,mateo.mendez593@email.com,650894954
00000594W,Nerea,Marin,nerea.marin594@outlook.com,796695458
00000595X,Aitor,Torres,aitor.torres595@outlook.com,639633659
00000596Y,Emma,Suarez,emma.suarez596@outlook.com,634341456
00000597Z,Claudia,Fuentes,claudia.fuentes597@gmail.com,796526748
00000598A,Hugo,Sanchez,hugo.sanchez598@hotmail.com,643646722
00000599B,Pablo,Castro,pablo.castro599@uni.es,754406060
00000600C,Marcos,Navarro,marcos.navarro600@outlook.com,648270459
00000601D,Emma,Sanchez,emma.sanchez601@outlook.com,775211190
00000602E,June,Leon,june.leon602@uni.es,788405961
00000603F,Lucia,Fuentes,lucia.fuentes603@uni.es,752457517
00000604G,Asier,Ortega,asier.ortega604@gmail.com,743041067
00000605H,Raul,Prieto,raul.prieto605@hotmail.com,728026223
00000606I,Nora,Leon,nora.leon606@email.com,769774935
00000607J,Marcos,Herrera,marcos.herrera607@email.com,633591471
00000608K,Martin,Mendez,martin.mendez608@gmail.com,728790705
00000609L,Noa,Castro,noa.castro609@hotmail.com,620120010
00000610M,Ane,Campos,ane.campos610@gmail.com,789193333
00000611N,Nerea,Fernandez,nerea.fernandez611@uni.es,782943217
00000612O,Noa,Nieto,noa.nieto612@outlook.com,762680236
00000613P,Raul,Rey,raul.rey613@hotmail.com,672371131
00000614Q,Aitor,Campos,aitor.campos614@gmail.com,758837208
00000615R,Aitor,Garcia,aitor.garcia615@outlook.com,679006257
00000616S,David,Arias,david.arias616@outlook.com,686015183
00000617T,Mateo,Torres,mateo.torres617@email.com,715425057
00000618U,Raul,Calvo,raul.calvo618@outlook.com,645481411
00000619V,Alicia,Delgado,alicia.delgado619@gmail.com,679509378
00000620W,Alicia,Cano,alicia.cano620@email.com,716232730
00000621X,Mikel,Gil,mikel.gil621@gmail.com,745341684
00000622Y,Valeria,Aguilar,valeria.aguilar622@uni.es,660554391
00000623Z,Martin,Cano,martin.cano623@hotmail.com,679345320
00000624A,Victor,Cano,victor.cano624@outlook.com,757365168
00000625B,Marcos,Calvo,marcos.calvo625@email.com,677355419
00000626C,David,Arias,david.arias626@outlook.com,620346606
00000627D,Aitor,Perez,aitor.perez627@outlook.com,635086055
00000628E,Andres,Iglesias,andres.iglesias628@uni.es,698732634
00000629F,Raul,Santos,raul.santos629@hotmail.com,674628070
00000630G,Nora,Nieto,nora.nieto630@email.com,689294612
00000631H,Andres,Santos,andres.santos631@gmail.com,615790734
00000632I,David,Fuentes,david.fuentes632@uni.es,628082355
00000633J,Leo,Campos,leo.campos633@gmail.com,617504382
00000634K,Andres,Suarez,andres.suarez634@outlook.com,790444404
00000635L,Mateo,Lopez,mateo.lopez635@hotmail.com,639070676
00000636M,June,Mendez,june.mendez636@email.com,732893086
00000637N,Raul,Santos,raul.santos637@uni.es,688201440
00000638O,Malen,Vega,malen.vega638@uni.es,732511225
00000639P,Oihane,Leon,oihane.leon639@email.com,640845084
00000640Q,Sergio,Cano,sergio.cano640@outlook.com,612222998
00000641R,Alberto,Cortes,alberto.cortes641@uni.es,730073763
00000642S,Julia,Diaz,julia.diaz642@outlook.com,792510102
00000643T,Julia,Fernandez,julia.fernandez643@uni.es,622507745
00000644U,Iker,Navarro,iker.navarro644@uni.es,697138408
00000645V,Asier,Cortes,asier.cortes645@email.com,715830187
00000646W,Adrian,Cortes,adrian.cortes646@email.com,674709513
00000647X,Malen,Cano,malen.cano647@hotmail.com,667108220
00000648Y,David,Suarez,david.suarez648@email.com,621249805
00000649Z,Javier,Mendez,javier.mendez649@uni.es,744601998
00000650A,Alberto,Garcia,alberto.garcia650@gmail.com,679761254
00000651B,Jon,Cano,jon.cano651@outlook.com,764874257
00000652C,Alicia,Diaz,alicia.diaz652@outlook.com,797453041
00000653D,Valeria,Suarez,valeria.suarez653@hotmail.com,785788756
00000654E,Alicia,Vidal,alicia.vidal654@hotmail.com,737339300
00000655F,Leire,Pascual,leire.pascual655@uni.es,733987338
00000656G,Alicia,Pascual,alicia.pascual656@uni.es,744061458
00000657H,Patricia,Fuentes,patricia.fuentes657@hotmail.com,728531242
00000658I,Claudia,Gomez,claudia.gomez658@outlook.com,731715773
00000659J,Pablo,Molina,pablo.molina659@uni.es,755424358
00000660K,Hugo,Vidal,hugo.vidal660@gmail.com,662224611
00000661L,Leo,Garcia,leo.garcia661@gmail.com,673306295
00000662M,Julia,Prieto,julia.prieto662@gmail.com,645311610
00000663N,Raul,Iglesias,raul.iglesias663@gmail.com,661583363
00000664O,Unai,Vidal,unai.vidal664@uni.es,790191410
00000665P,Laura,Vega,laura.vega665@email.com,711437525
00000666Q,Alberto,Cortes,alberto.cortes666@hotmail.com,614510970
00000667R,Julia,Campos,julia.campos667@uni.es,692569402
00000668S,Andres,Fernandez,andres.fernandez668@hotmail.com,697915178
00000669T,Jon,Ortega,jon.ortega669@gmail.com,763611082
00000670U,Marcos,Morales,marcos.morales670@email.com,679490249
00000671V,Jon,Sanchez,jon.sanchez671@gmail.com,785042992
00000672W,Valeria,Marin,valeria.marin672@hotmail.com,740372869
00000673X,Julia,Castro,julia.castro673@email.com,787162674
00000674Y,Jon,Suarez,jon.suarez674@outlook.com,777946127
00000675Z,Pablo,Pascual,pablo.pascual675@gmail.com,755629449
00000676A,Sara,Campos,sara.campos676@hotmail.com,769427400
00000677B,Sergio,Fuentes,sergio.fuentes677@email.com,655588495
00000678C,Malen,Blanco,malen.blanco678@email.com,674688940
00000679D,Sara,Suarez,sara.suarez679@gmail.com,795048646
00000680E,Raul,Delgado,raul.delgado680@hotmail.com,757391778
00000681F,Uxue,Aguilar,uxue.aguilar681@gmail.com,743320572
00000682G,Javier,Ruiz,javier.ruiz682@email.com,720204415
00000683H,Hugo,Vega,hugo.vega683@email.com,757451057
00000684I,Nerea,Fuentes,nerea.fuentes684@hotmail.com,635523849
00000685J,Maialen,Castro,maialen.castro685@outlook.com,645622106
00000686K,Nerea,Delgado,nerea.delgado686@outlook.com,693026670
00000687L,Marcos,Torres,marcos.torres687@gmail.com,620534423
00000688M,Nora,Calvo,nora.calvo688@uni.es,682675403
00000689N,Mikel,Nieto,mikel.nieto689@hotmail.com,776080806
00000690O,Mateo,Perez,mateo.perez690@email.com,678603195
00000691P,Irene,Morales,irene.morales691@outlook.com,617267644
00000692Q,Uxue,Prieto,uxue.prieto692@email.com,677441081
00000693R,Marcos,Morales,marcos.morales693@outlook.com,726155543
00000694S,Adrian,Cortes,adrian.cortes694@email.com,711129926
00000695T,Jon,Molina,jon.molina695@email.com,653679307
00000696U,Alicia,Vidal,alicia.vidal696@hotmail.com,683626933
00000697V,Victor,Ramos,victor.ramos697@hotmail.com,792286747
00000698W,Paula,Iglesias,paula.iglesias698@outlook.com,766900650
00000699X,Nerea,Santos,nerea.santos699@hotmail.com,763766628
00000700Y,Irene,Arias,irene.arias700@outlook.com,687295013
00000701Z,Nora,Delgado,nora.delgado701@gmail.com,741649234
00000702A,Hugo,Prieto,hugo.prieto702@email.com,629574814
00000703B,Ainhoa,Torres,ainhoa.torres703@email.com,633703827
00000704C,Leire,Calvo,leire.calvo704@outlook.com,775313057
00000705D,Patricia,Suarez,patricia.suarez705@uni.es,663472598
00000706E,Pablo,Ortega,pablo.ortega706@gmail.com,644130183
00000707F,Iker,Diaz,iker.diaz707@email.com,744865621
00000708G,Alicia,Iglesias,alicia.iglesias708@uni.es,756189726
00000709H,Ane,Santos,ane.santos709@gmail.com,791279039
00000710I,Alberto,Fuentes,alberto.fuentes710@uni.es,648199537
00000711J,Marcos,Gil,marcos.gil711@uni.es,769985944
00000712K,Elena,Cano,elena.cano712@uni.es,772243750
00000713L,Leo,Torres,leo.torres713@outlook.com,766615250
00000714M,Leo,Vidal,leo.vidal714@uni.es,719575640
00000715N,Elena,Ortega,elena.ortega715@hotmail.com,652074850
00000716O,Daniel,Romero,daniel.romero716@hotmail.com,746406303
00000717P,June,Iglesias,june.iglesias717@uni.es,765564671
00000718Q,Andres,Vega,andres.vega718@gmail.com,641491128
00000719R,Claudia,Suarez,claudia.suarez719@gmail.com,632402343
00000720S,Unai,Diaz,unai.diaz720@gmail.com,673509922
00000721T,Hugo,Martinez,hugo.martinez721@gmail.com,780327779
00000722U,Beñat,Ruiz,beñat.ruiz722@gmail.com,792960269
00000723V,Lucia,Ruiz,lucia.ruiz723@email.com,740783635
00000724W,Marta,Romero,marta.romero724@email.com,627619715
00000725X,Uxue,Ortega,uxue.ortega725@gmail.com,699060057
00000726Y,Marcos,Gil,marcos.gil726@email.com,782555977
00000727Z,Irene,Pascual,irene.pascual727@email.com,682381952
00000728A,Cristina,Rey,cristina.rey728@uni.es,794697764
00000729B,Ainhoa,Fuentes,ainhoa.fuentes729@email.com,756596140
00000730C,Iker,Aguilar,iker.aguilar730@outlook.com,669305486
00000731D,Patricia,Iglesias,patricia.iglesias731@email.com,730900054
00000732E,Patricia,Garcia,patricia.garcia732@gmail.com,656155452
00000733F,Javier,Nieto,javier.nieto733@uni.es,676025948
00000734G,Beñat,Nieto,beñat.nieto734@hotmail.com,667772049
00000735H,Javier,Mendez,javier.mendez735@outlook.com,683579795
00000736I,Alicia,Castro,alicia.castro736@email.com,762982727
00000737J,Marta,Ortega,marta.ortega737@email.com,739607414
00000738K,Victor,Ruiz,victor.ruiz738@email.com,679338228
00000739L,Beñat,Vidal,beñat.vidal739@hotmail.com,797034430
00000740M,Ainhoa,Aguilar,ainhoa.aguilar740@hotmail.com,735233016
00000741N,Carlos,Vega,carlos.vega741@outlook.com,724811778
00000742O,Leo,Blanco,leo.blanco742@uni.es,746525224
00000743P,Adrian,Vidal,adrian.vidal743@email.com,653036072
00000744Q,Ane,Torres,ane.torres744@gmail.com,634956121
00000745R,Pablo,Romero,pablo.romero745@hotmail.com,668843284
00000746S,Oihane,Garcia,oihane.garcia746@outlook.com,630224423
00000747T,Jon,Calvo,jon.calvo747@outlook.com,766404064
00000748U,Patricia,Calvo,patricia.calvo748@hotmail.com,714259684
00000749V,Paula,Ruiz,paula.ruiz749@outlook.com,645769504
00000750W,Malen,Morales,malen.morales750@gmail.com,734374441
00000751X,Alberto,Suarez,alberto.suarez751@email.com,626369402
00000752Y,Malen,Ramos,malen.ramos752@email.com,743173547
00000753Z,Ainhoa,Fernandez,ainhoa.fernandez753@outlook.com,722611138
00000754A,Uxue,Molina,uxue.molina754@email.com,751890609
00000755B,Daniel,Ortega,daniel.ortega755@gmail.com,643999060
00000756C,Iker,Herrera,iker.herrera756@outlook.com,716991067
00000757D,Claudia,Molina,claudia.molina757@gmail.com,694947603
00000758E,Asier,Gil,asier.gil758@gmail.com,647057520
00000759F,Valeria,Gomez,valeria.gomez759@email.com,611198544
00000760G,Mikel,Rey,mikel.rey760@email.com,659848284
00000761H,Malen,Ruiz,malen.ruiz761@outlook.com,677098020
00000762I,Elena,Vidal,elena.vidal762@hotmail.com,618022882
00000763J,Marcos,Torres,marcos.torres763@uni.es,626888275
00000764K,Maialen,Delgado,maialen.delgado764@hotmail.com,768883853
00000765L,Oihane,Castro,oihane.castro765@gmail.com,758072427
00000766M,Oihane,Navarro,oihane.navarro766@hotmail.com,675136149
00000767N,Gorka,Arias,gorka.arias767@uni.es,782844534
00000768O,Adrian,Calvo,adrian.calvo768@outlook.com,682963514
00000769P,Marcos,Gil,marcos.gil769@email.com,790353461
00000770Q,Hugo,Ortega,hugo.ortega770@gmail.com,670315326
00000771R,Javier,Suarez,javier.suarez771@uni.es,770945449
00000772S,Jon,Campos,jon.campos772@email.com,612512536
00000773T,Emma,Iglesias,emma.iglesias773@uni.es,653042832
00000774U,Oihane,Sanchez,oihane.sanchez774@uni.es,735483846
00000775V,Uxue,Calvo,uxue.calvo775@uni.es,692280734
00000776W,Javier,Gil,javier.gil776@email.com,724826245
00000777X,Pablo,Cortes,pablo.cortes777@gmail.com,627418007
00000778Y,Cristina,Fernandez,cristina.fernandez778@outlook.com,675145297
00000779Z,Alberto,Diaz,alberto.diaz779@gmail.com,798304696
00000780A,Maialen,Cortes,maialen.cortes780@uni.es,716588161
00000781B,Alicia,Delgado,alicia.delgado781@uni.es,611756387
00000782C,Nerea,Calvo,nerea.calvo782@gmail.com,795753950
00000783D,Laura,Iglesias,laura.iglesias783@uni.es,759535555
00000784E,Gorka,Martinez,gorka.martinez784@uni.es,781003974
00000785F,Mikel,Sanchez,mikel.sanchez785@hotmail.com,638977615
00000786G,Uxue,Diaz,uxue.diaz786@gmail.com,681358338
00000787H,Sergio,Castro,sergio.castro787@outlook.com,686507818
00000788I,Leo,Vega,leo.vega788@uni.es,724161873
00000789J,Malen,Fuentes,malen.fuentes789@hotmail.com,799287317
00000790K,Asier,Diaz,asier.diaz790@outlook.com,683815115
00000791L,Unai,Campos,unai.campos791@hotmail.com,681658908
00000792M,Julia,Arias,julia.arias792@hotmail.com,783830667
00000793N,Daniel,Iglesias,daniel.iglesias793@email.com,753412847
00000794O,Julia,Ramos,julia.ramos794@uni.es,660340113
00000795P,Malen,Pascual,malen.pascual795@hotmail.com,770720566
00000796Q,June,Morales,june.morales796@gmail.com,648182550
00000797R,Julia,Lopez,julia.lopez797@uni.es,650512501
00000798S,Jon,Herrera,jon.herrera798@outlook.com,652265790
00000799T,Ane,Perez,ane.perez799@uni.es,622655004
00000800U,Mikel,Blanco,mikel.blanco800@hotmail.com,628576833
00000801V,Victor,Iglesias,victor.iglesias801@uni.es,641271945
00000802W,Victor,Herrera,victor.herrera802@gmail.com,786378602
00000803X,Nerea,Sanchez,nerea.sanchez803@hotmail.com,733206579
00000804Y,Maialen,Fuentes,maialen.fuentes804@gmail.com,715015930
00000805Z,Oihane,Fuentes,oihane.fuentes805@email.com,617505818
00000806A,Malen,Leon,malen.leon806@hotmail.com,765904597
00000807B,Sara,Delgado,sara.delgado807@uni.es,695078886
00000808C,Malen,Cano,malen.cano808@gmail.com,780381542
00000809D,Mikel,Gil,mikel.gil809@uni.es,653866598
00000810E,Aitor,Delgado,aitor.delgado810@outlook.com,662731823
00000811F,June,Mendez,june.mendez811@uni.es,639807828
00000812G,Asier,Romero,asier.romero812@email.com,627742113
00000813H,Paula,Ruiz,paula.ruiz813@email.com,683571770
00000814I,Unai,Suarez,unai.suarez814@gmail.com,777353558
00000815J,Asier,Navarro,asier.navarro815@outlook.com,785067462
00000816K,Alberto,Calvo,alberto.calvo816@email.com,685318641
00000817L,Emma,Cortes,emma.cortes817@outlook.com,619615892
00000818M,Irene,Prieto,irene.prieto818@hotmail.com,625103503
00000819N,Claudia,Santos,claudia.santos819@email.com,756749089
00000820O,Alberto,Gil,alberto.gil820@hotmail.com,650912093
00000821P,Andres,Marin,andres.marin821@uni.es,793642093
00000822Q,Lucia,Arias,lucia.arias822@gmail.com,636801295
00000823R,Nora,Iglesias,nora.iglesias823@outlook.com,625082279
00000824S,Ainhoa,Martinez,ainhoa.martinez824@outlook.com,648612439
00000825T,Jon,Leon,jon.leon825@gmail.com,770406241
00000826U,Iker,Lopez,iker.lopez826@hotmail.com,682209870
00000827V,Nerea,Molina,nerea.molina827@uni.es,783658696
00000828W,Iker,Vidal,iker.vidal828@outlook.com,660547291
00000829X,Valeria,Cortes,valeria.cortes829@gmail.com,732859916
00000830Y,Laura,Romero,laura.romero830@outlook.com,717124981
00000831Z,Nahia,Garcia,nahia.garcia831@gmail.com,798633740
00000832A,Irene,Iglesias,irene.iglesias832@gmail.com,649258091
00000833B,Martin,Cano,martin.cano833@outlook.com,778255127
00000834C,Gorka,Diaz,gorka.diaz834@hotmail.com,790142265
00000835D,Noa,Ruiz,noa.ruiz835@outlook.com,677196215
00000836E,Nahia,Pascual,nahia.pascual836@gmail.com,643204410
00000837F,Uxue,Herrera,uxue.herrera837@hotmail.com,762801229
00000838G,Ainhoa,Ortega,ainhoa.ortega838@gmail.com,757232974
00000839H,Marcos,Herrera,marcos.herrera839@outlook.com,718322800
00000840I,Leo,Suarez,leo.suarez840@email.com,684482698
00000841J,Irene,Delgado,irene.delgado841@outlook.com,762726977
00000842K,Claudia,Navarro,claudia.navarro842@gmail.com,779889565
00000843L,Nora,Vidal,nora.vidal843@outlook.com,742260681
00000844M,Mateo,Torres,mateo.torres844@email.com,791251236
00000845N,Paula,Arias,paula.arias845@uni.es,637750491
00000846O,Martin,Navarro,martin.navarro846@uni.es,628536762
00000847P,Patricia,Cortes,patricia.cortes847@outlook.com,729482024
00000848Q,Martin,Fuentes,martin.fuentes848@outlook.com,719101846
00000849R,Hugo,Aguilar,hugo.aguilar849@gmail.com,652627226
00000850S,Lucia,Lopez,lucia.lopez850@hotmail.com,765197277
00000851T,Patricia,Arias,patricia.arias851@hotmail.com,635224021
00000852U,Pablo,Navarro,pablo.navarro852@outlook.com,692138779
00000853V,Emma,Perez,emma.perez853@uni.es,690042177
00000854W,Raul,Delgado,raul.delgado854@gmail.com,720667011
00000855X,Adrian,Nieto,adrian.nieto855@outlook.com,797183615
00000856Y,Alicia,Vega,alicia.vega856@email.com,773598657
00000857Z,David,Ortega,david.ortega857@outlook.com,614325777
00000858A,Leire,Garcia,leire.garcia858@hotmail.com,739870720
00000859B,Ainhoa,Castro,ainhoa.castro859@outlook.com,633767033
00000860C,June,Vidal,june.vidal860@email.com,771410640
00000861D,Marta,Prieto,marta.prieto861@email.com,691594977
00000862E,Ainhoa,Cano,ainhoa.cano862@hotmail.com,792074794
00000863F,Ainhoa,Fuentes,ainhoa.fuentes863@uni.es,679880338
00000864G,Pablo,Arias,pablo.arias864@email.com,642980201
00000865H,Uxue,Aguilar,uxue.aguilar865@email.com,684853354
00000866I,Sergio,Cortes,sergio.cortes866@gmail.com,649081432
00000867J,June,Morales,june.morales867@hotmail.com,771920968
00000868K,Andres,Prieto,andres.prieto868@hotmail.com,679386491
00000869L,Lucia,Blanco,lucia.blanco869@email.com,677197151
00000870M,Sara,Vega,sara.vega870@uni.es,662756521
00000871N,Leire,Gil,leire.gil871@email.com,634008676
00000872O,Nahia,Rey,nahia.rey872@outlook.com,722103709
00000873P,Victor,Gil,victor.gil873@outlook.com,622239481
00000874Q,Sara,Arias,sara.arias874@hotmail.com,680305568
00000875R,Gorka,Cano,gorka.cano875@uni.es,660825385
00000876S,Hugo,Cano,hugo.cano876@gmail.com,654988861
00000877T,Mateo,Torres,mateo.torres877@outlook.com,634007090
00000878U,Malen,Martinez,malen.martinez878@email.com,751542843
00000879V,Oihane,Arias,oihane.arias879@hotmail.com,625777827
00000880W,David,Castro,david.castro880@gmail.com,711638498
00000881X,Nahia,Calvo,nahia.calvo881@email.com,691602221
00000882Y,Maialen,Ramos,maialen.ramos882@outlook.com,770899748
00000883Z,Leire,Arias,leire.arias883@gmail.com,642844845
00000884A,Hugo,Perez,hugo.perez884@uni.es,616565770
00000885B,Cristina,Torres,cristina.torres885@gmail.com,714928616
00000886C,Lucia,Fernandez,lucia.fernandez886@uni.es,754440977
00000887D,Elena,Martinez,elena.martinez887@gmail.com,733924094
00000888E,Andres,Romero,andres.romero888@uni.es,671114408
00000889F,Ainhoa,Rey,ainhoa.rey889@hotmail.com,622499198
00000890G,Malen,Herrera,malen.herrera890@hotmail.com,760860378
00000891H,Carlos,Prieto,carlos.prieto891@uni.es,649303341
00000892I,Iker,Navarro,iker.navarro892@gmail.com,754185620
00000893J,Uxue,Santos,uxue.santos893@uni.es,638058347
00000894K,Emma,Martinez,emma.martinez894@gmail.com,674916146
00000895L,Oihane,Mendez,oihane.mendez895@hotmail.com,791717739
00000896M,Daniel,Suarez,daniel.suarez896@uni.es,727409802
00000897N,Emma,Fuentes,emma.fuentes897@email.com,776102828
00000898O,Cristina,Vidal,cristina.vidal898@outlook.com,735978571
00000899P,Jon,Gomez,jon.gomez899@gmail.com,793947919
00000900Q,Sara,Molina,sara.molina900@uni.es,765571661
00000901R,Mikel,Leon,mikel.leon901@hotmail.com,611516293
00000902S,Leo,Castro,leo.castro902@hotmail.com,719104802
00000903T,Patricia,Herrera,patricia.herrera903@uni.es,710822924
00000904U,Sara,Leon,sara.leon904@hotmail.com,786359356
00000905V,Emma,Lopez,emma.lopez905@outlook.com,654360949
00000906W,Paula,Nieto,paula.nieto906@email.com,696657974
00000907X,David,Nieto,david.nieto907@outlook.com,782070563
00000908Y,Paula,Blanco,paula.blanco908@email.com,679937264
00000909Z,Patricia,Fuentes,patricia.fuentes909@hotmail.com,637952515
00000910A,Mateo,Leon,mateo.leon910@hotmail.com,630039365
00000911B,Irene,Lopez,irene.lopez911@hotmail.com,794088862
00000912C,Noa,Ortega,noa.ortega912@uni.es,735149571
00000913D,Julia,Gomez,julia.gomez913@hotmail.com,714245067
00000914E,Irene,Santos,irene.santos914@gmail.com,741895802
00000915F,Alicia,Arias,alicia.arias915@hotmail.com,680477785
00000916G,Patricia,Vega,patricia.vega916@gmail.com,715019076
00000917H,Malen,Castro,malen.castro917@gmail.com,777913458
00000918I,Ane,Nieto,ane.nieto918@uni.es,635529779
00000919J,Paula,Nieto,paula.nieto919@uni.es,753934556
00000920K,Lucia,Diaz,lucia.diaz920@uni.es,637539747
00000921L,Oihane,Fernandez,oihane.fernandez921@email.com,780107942
00000922M,Sara,Garcia,sara.garcia922@hotmail.com,689763928
00000923N,Elena,Leon,elena.leon923@email.com,623838227
00000924O,Uxue,Herrera,uxue.herrera924@gmail.com,795745109
00000925P,Nerea,Gil,nerea.gil925@outlook.com,648462422
00000926Q,Irene,Aguilar,irene.aguilar926@hotmail.com,725790828
00000927R,Irene,Torres,irene.torres927@outlook.com,725362614
00000928S,Jon,Vidal,jon.vidal928@uni.es,637726346
00000929T,Noa,Marin,noa.marin929@uni.es,746379997
00000930U,Lucia,Romero,lucia.romero930@uni.es,632988138
00000931V,Carlos,Herrera,carlos.herrera931@uni.es,782555030
00000932W,June,Martinez,june.martinez932@outlook.com,673181059
00000933X,Nora,Martinez,nora.martinez933@gmail.com,717220897
00000934Y,Elena,Prieto,elena.prieto934@email.com,690010054
00000935Z,Valeria,Arias,valeria.arias935@uni.es,751935074
00000936A,Paula,Castro,paula.castro936@uni.es,672504573
00000937B,Mateo,Navarro,mateo.navarro937@gmail.com,723054418
00000938C,Nahia,Herrera,nahia.herrera938@email.com,741097470
00000939D,Raul,Torres,raul.torres939@uni.es,758781345
00000940E,Unai,Vega,unai.vega940@hotmail.com,770838623
00000941F,Maialen,Lopez,maialen.lopez941@gmail.com,725151444
00000942G,Marcos,Nieto,marcos.nieto942@email.com,647883942
00000943H,Malen,Marin,malen.marin943@uni.es,678175850
00000944I,Pablo,Morales,pablo.morales944@gmail.com,784645170
00000945J,Martin,Sanchez,martin.sanchez945@hotmail.com,763796676
00000946K,Valeria,Santos,valeria.santos946@outlook.com,683544472
00000947L,Andres,Nieto,andres.nieto947@email.com,655729880
00000948M,Nerea,Rey,nerea.rey948@email.com,786129797
00000949N,Paula,Aguilar,paula.aguilar949@outlook.com,698934311
00000950O,Claudia,Sanchez,claudia.sanchez950@uni.es,725344154
00000951P,Valeria,Mendez,valeria.mendez951@email.com,784502610
00000952Q,Pablo,Arias,pablo.arias952@outlook.com,764464708
00000953R,Carlos,Mendez,carlos.mendez953@gmail.com,753943990
00000954S,Maialen,Martinez,maialen.martinez954@gmail.com,628645088
00000955T,Valeria,Garcia,valeria.garcia955@outlook.com,670797197
00000956U,Noa,Romero,noa.romero956@email.com,736261929
00000957V,Nerea,Gil,nerea.gil957@hotmail.com,768348074
00000958W,Gorka,Marin,gorka.marin958@gmail.com,692072899
00000959X,Aitor,Morales,aitor.morales959@outlook.com,718376603
00000960Y,Alicia,Pascual,alicia.pascual960@gmail.com,685165988
00000961Z,Marcos,Gomez,marcos.gomez961@hotmail.com,641573535
00000962A,Asier,Rey,asier.rey962@email.com,761377152
00000963B,Unai,Cano,unai.cano963@email.com,698917575
00000964C,Cristina,Nieto,cristina.nieto964@outlook.com,684547422
00000965D,Sergio,Iglesias,sergio.iglesias965@email.com,648717904
00000966E,Claudia,Navarro,claudia.navarro966@outlook.com,619629584
00000967F,Martin,Lopez,martin.lopez967@outlook.com,798305426
00000968G,Asier,Navarro,asier.navarro968@gmail.com,696200382
00000969H,Leire,Blanco,leire.blanco969@uni.es,793650995
00000970I,Cristina,Blanco,cristina.blanco970@uni.es,784094900
00000971J,June,Cano,june.cano971@hotmail.com,634936450
00000972K,Asier,Mendez,asier.mendez972@gmail.com,741776042
00000973L,Gorka,Campos,gorka.campos973@hotmail.com,783305194
00000974M,Mateo,Iglesias,mateo.iglesias974@gmail.com,686255745
00000975N,Iker,Iglesias,iker.iglesias975@gmail.com,720745888
00000976O,Lucia,Cortes,lucia.cortes976@hotmail.com,779383794
00000977P,Elena,Cortes,elena.cortes977@uni.es,642914388
00000978Q,Iker,Sanchez,iker.sanchez978@uni.es,792280717
00000979R,Laura,Leon,laura.leon979@uni.es,672930506
00000980S,Nahia,Campos,nahia.campos980@email.com,766507825
00000981T,Marcos,Romero,marcos.romero981@hotmail.com,614741407
00000982U,Adrian,Mendez,adrian.mendez982@hotmail.com,718243352
00000983V,Leo,Nieto,leo.nieto983@uni.es,686887967
00000984W,Laura,Romero,laura.romero984@uni.es,648495745
00000985X,Maialen,Ruiz,maialen.ruiz985@outlook.com,647292234
00000986Y,Victor,Navarro,victor.navarro986@uni.es,746939015
00000987Z,Victor,Garcia,victor.garcia987@gmail.com,689426041
00000988A,Ainhoa,Torres,ainhoa.torres988@email.com,733541704
00000989B,Victor,Ramos,victor.ramos989@email.com,680784933
00000990C,Mikel,Leon,mikel.leon990@gmail.com,689932574
00000991D,Lucia,Calvo,lucia.calvo991@email.com,741936764
00000992E,Claudia,Arias,claudia.arias992@outlook.com,687545284
00000993F,Oihane,Marin,oihane.marin993@gmail.com,725568500
00000994G,Laura,Ortega,laura.ortega994@email.com,773918769
00000995H,Patricia,Nieto,patricia.nieto995@uni.es,660975999
00000996I,Nora,Cano,nora.cano996@email.com,729481680
00000997J,Uxue,Prieto,uxue.prieto997@gmail.com,770239684
00000998K,Sergio,Gil,sergio.gil998@uni.es,623068017
00000999L,Noa,Marin,noa.marin999@email.com,754958564
00001000M,Irene,Perez,irene.perez1000@gmail.com,797824468
